study_hours,attendance,sleep_hours,midterm_score,final_grade
9.28747258267156,53.10315532700776,8.899123781645304,82.92211412031192,B
5.266541277024627,72.9131020768257,6.124726445005966,59.40959869511878,C
10.30317503893659,56.451502859102085,9.670826130920723,24.48547471937159,C
8.368416348712367,57.61633550787879,7.555562128024157,74.56750006602998,A
1.1301281746517944,81.61414065151051,3.8112920572347457,8.448089567707196,F
11.707468219641072,69.64636957851167,9.195650917587605,77.44178344487831,B
9.133676423884236,96.09262250774975,6.424856335815584,58.998522224301354,C
9.432771663323447,65.9578247304035,3.991472775810335,11.07503183964016,D
1.5373635921065505,86.30900641919506,4.068830936889945,7.950556309237022,F
5.404631254746805,73.05497150774538,7.812737545769103,75.08363334364626,C
4.449576290790975,82.99756505646394,3.3316075471064286,29.293590650383717,D
11.121179866183223,79.98476783579952,5.006156354396693,88.93018507672134,A
7.726381440967975,73.6391986379499,3.9785131332890766,76.20730210301761,B
9.87313935924996,97.50305473122185,6.087542007320989,69.81902447177161,B
5.320970385927973,67.13568213774779,5.900476403960529,27.860605263345096,D
2.7268646614173226,58.86177506246363,6.653135042821992,70.89445190216179,C
6.655017444190017,83.90470304399142,4.957454303717712,94.8147684514834,B
0.7658070732501039,92.30037806539544,3.2243051256472404,9.155983437056891,D
9.931574063910984,52.01268699699619,7.3007027457463005,32.6162642003566,C
7.579972789464778,72.48163442113403,5.616026020176459,23.467226546159413,D
9.097052881024485,94.62438448436632,7.559344991180325,39.32501344006667,C
4.25431161755842,87.48093094614337,3.760668795629879,74.23326548539464,C
11.648376292738838,99.59038582488141,3.0964414870583523,47.424258142538655,B
10.717453455866373,76.57069057986219,4.73805973519705,57.073060612024626,B
9.340601964885142,82.99978594005756,6.195831260958365,31.415488807834237,C
2.335664494223611,65.12401405689641,5.758503819179271,14.128926708710054,D
5.60065204472441,97.37677998329961,8.672117886914265,26.693364893772852,C
0.5256451894467453,68.31677442782681,5.644863509349768,85.9680301241987,C
1.851473904810574,86.92553563433142,6.7130882572215524,60.241696215341044,C
8.196587438909456,70.1570102059541,7.1546091470953455,37.79886731972337,C
8.937145870893806,78.09094650314996,3.1528197415206813,78.99059817355875,B
11.61011678921052,85.98912675107731,6.605933637923323,6.445743245490876,B
3.9099042976578233,75.44670758756772,5.413818815791865,25.389108792238567,D
4.445516472418427,95.35431634547543,5.9489608937827825,23.010315405733927,D
5.634669735309695,70.96504939639051,3.7020117894667517,98.53645621682222,B
2.2736563090114283,82.35358990716625,8.479743959540517,70.60985823927602,C
1.5590580640256597,67.1181216650027,9.596829755659659,61.77859363885542,C
5.708459114711205,70.40783341155066,3.1558817444072,0.49849652944728984,F
2.7229121886106094,72.00250541167762,7.209609339679435,18.431000208985736,D
8.037767936190125,56.29035091561426,8.346908471018507,63.554129297307824,C
5.245823026467969,54.586183952950336,4.993653120549226,37.97193264816657,D
9.992138352694049,83.37449615733789,8.512889094042517,92.42803836790608,A
8.403181224026989,82.7758869171526,7.426485355364109,76.4724219141758,B
3.748399696584493,83.14548571050477,9.50413842589749,44.738407280412,B
9.987117616742413,50.988322267134585,9.86703367947641,74.95149775382704,B
9.657172289961622,66.327342133589,3.2964227979909335,97.54043238262216,B
4.649740548362093,59.89049236295985,6.1145643271890435,46.09808247014706,D
3.4599372471629293,88.90757112720061,6.828914513047527,64.25258878885333,C
8.189946047699706,93.0315200698065,4.027202632453568,91.86646150612951,B
1.6770298033117177,62.33401886130737,5.354000812991532,24.867466203617326,D
2.3988984297013,83.39245794239932,9.913532134295231,88.65579136662784,C
0.08834723701206615,56.46814017291372,3.1136131943973,9.754470677298265,F
9.44309253002566,63.75762628008567,6.167555520670689,64.84481705876465,B
7.978210279104386,56.93272481167098,8.898582352027372,78.28381550557843,B
8.46198454351602,64.17603832996146,5.267308839035019,61.460621925242606,B
9.368748372263614,83.73682736746389,6.358589519286074,49.553480415254306,B
5.5069893064600794,95.51634550926262,9.84632022051586,61.734709992568604,B
6.824894351434725,60.1261203962093,6.324137855329927,15.166370877944457,D
1.6775639775318893,77.10395174753596,3.916449185025493,21.557071033021835,F
1.3743608824316813,85.06955506217162,3.3620504416647377,26.989934395634197,F
8.02083554148566,97.64612342427829,9.61791600707964,59.77793406300381,B
5.65315447371759,80.50302414435869,4.86066589292546,44.19010737450705,D
6.782833277774266,62.75534655136904,6.528447345951856,24.447584248583954,D
9.179986288992307,81.27390784569681,3.6349123626297803,88.28093321445802,B
7.61661984000709,66.02455808390081,5.965585843854235,37.39218402932234,C
6.64295280789595,98.80641953458539,9.510738634750869,44.60317192298911,B
6.710485928944962,69.98380675818184,6.516890955416569,40.97010765489946,C
3.6474011767513463,84.27138603805071,9.797946062616296,18.194295527675266,D
0.3698140148152729,51.16137911733792,4.811849460661797,73.16270154302333,D
5.240608670788348,70.00307230673776,6.53181667792756,44.8458262268858,C
2.5750160738343504,93.75538066612557,9.016715542665278,1.6257109892718447,D
4.902343724695633,80.5113722216623,6.1377664818762065,96.4013702359797,B
10.240836879217994,72.19714431979881,4.956411614991327,81.57636115954136,B
2.807273830384089,96.7968749717863,8.988327543925172,72.35593540918033,C
0.6996329002687922,92.69921880736146,5.729226282108263,86.9091870518529,C
3.3766067042639585,66.1107836911469,6.715063037421638,90.68072536055503,C
3.5231250932002034,77.22742010206699,9.83568946490602,33.748970638443865,D
7.942998176722741,74.49121280462313,4.305383063291047,61.09586784166986,C
6.6843858280953405,81.61012500574311,5.1098044570412995,60.88078092055942,C
9.406778509276961,66.70556334793778,3.2174872004888795,26.729966881059696,C
7.97176248392865,62.21025003829441,5.742863969370369,22.195225144706722,C
4.876642337280846,95.6335917627768,4.401284014094017,11.390725481902209,D
9.768244615992415,96.19372497492532,7.7602445478552395,65.93141959164528,A
2.003675038892447,92.16614428809895,4.2692502113609665,78.09189910307799,C
0.27254487760632573,98.91022153822806,7.723689266841088,76.09529795170037,C
1.080574329307701,87.24957628898443,4.844327997325224,31.627537718497432,D
8.668312207157403,88.23336142809998,5.486524838848398,20.525985046520223,C
5.542526763016649,88.12950459813203,5.442024564324782,45.36141784546219,C
1.9352613484032215,74.03038154711533,8.017262251145265,54.68134602405106,C
6.0125373012403625,72.82260972571359,6.265564841968402,91.90871279685557,B
1.827745232558021,62.01131380745016,5.529092291968782,87.48231542740541,C
8.355844500932832,82.24095971796453,8.96835903327615,91.60583313018277,B
5.353875306888368,64.46600680511673,7.0036543794884185,85.02623851359796,B
4.57225471315779,62.89042048511772,4.496815748945984,96.45812044363112,B
3.6181450697745183,79.29806870480274,9.300638947005778,46.549999716905745,C
7.5633911174266615,70.49911941125217,5.398552072235484,4.747349743309437,C
4.341751326640685,60.94283043973161,3.2728556427612427,8.356203214847824,D
1.051799031793212,90.80280083764156,6.46220156782117,39.02761417723431,D
1.4160708254461838,93.0284959647188,3.8675663810861445,25.768709127299726,D
11.542771974594174,58.38497598388905,4.669265106010197,16.99405913610673,C
10.902968288491284,50.37535163999999,8.229776108811876,95.32037745086485,B
8.396485605728994,66.80649842646869,3.9152626936342303,19.541958841062247,C
3.190439537514235,89.87554178403764,8.64860957047825,95.9379272315231,B
11.630116528172687,91.95869331171622,9.558351016916676,76.08388403212071,A
9.345010847589535,56.91645350580246,7.245724702855613,64.09456721252235,B
8.602682269907948,88.71679505915256,7.972514344159805,67.60189600893783,A
5.392338025725464,55.785208365471476,7.995106269351922,33.1474323659124,D
3.2668987421419082,69.50312950782646,9.949655700893114,64.64270380582822,C
1.1566915458419915,99.93047575059579,5.39076783541136,18.66921182812653,D
10.8312287585261,59.62954116154549,4.139995858698917,93.77054325359795,A
5.469315478003333,57.69817912888132,6.634170644400251,30.179333996059356,D
2.428360377542764,71.14001662733968,6.732748668821958,25.518651229354216,D
3.67147948980783,80.98342629849307,4.245387418073012,71.11627981941575,C
6.950634827302752,96.64503912066266,7.291765932958977,65.64487180661818,B
2.1212733952707805,99.04105727665171,3.098873134337768,45.12989183433053,D
10.279371409108506,53.482031829569735,9.49367881717955,63.24462346907863,C
9.102234358022521,56.89987586739527,4.8520199447488315,15.949307176085615,D
8.633555471411242,89.5368986947997,3.2769214587313424,67.3328307401955,B
5.185116477301245,63.531607613543024,3.7577460903239994,27.061069519519386,D
7.527706088429318,94.24245297531803,4.681742637957492,27.283597667645733,C
7.0091756269528265,83.17266286145434,4.917343180242316,16.217993494378458,D
7.79815921865784,55.59224011903386,3.229669996484101,33.23771350361646,D
1.013331853678669,91.62646424620036,4.9554836853561035,33.12510603113281,D
4.989688826047315,58.817819000403794,4.350592155454375,45.417901170226926,D
0.49937008634270974,71.17476973398269,5.6503464920416295,19.04195046663495,F
5.927889830934227,77.6092464279665,5.6961741614917845,19.30075361587663,D
3.9583345479934238,75.03830745401392,5.373054184220154,54.17385716632283,D
1.7342902663925628,84.30814578075751,5.295467184714928,12.887740467047514,D
1.2408356126706197,82.63433674346277,3.6281189441887585,68.88970079888351,C
7.051734866132545,99.60210027640275,3.1764346298831354,94.39471258625966,B
2.0471156224426332,99.97109546120939,4.414800101095266,42.679562166437826,D
11.101441420521567,75.82297013178204,8.296545991916307,90.11053131506767,A
6.97273367640474,54.7599543480432,9.935668358857855,9.831659112586443,D
4.162437654418045,86.39216494843592,9.499683225401302,4.295762737564457,D
7.090985897777001,98.83320391082947,6.529535488764381,72.136887751384,B
0.27364645235637,65.91631938145102,6.72276699044554,76.10215729814965,D
11.502710558897345,73.0604442918787,5.2020709832508985,84.30582409657514,B
5.787641243314803,71.2388462407728,8.417576070463593,5.681767839998142,D
9.392822727003434,52.57095772784647,8.353296815528541,77.69070549568305,B
0.9927599990692628,83.61322156117224,8.909906503077112,37.65387327965818,D
5.839899970057925,67.66688475342339,9.26853204037819,30.33376326821986,C
5.8884839322542515,89.37319373157511,6.0404447375770705,17.302392134329693,D
11.253917459699794,91.60600376409931,8.368128976750384,99.6015755102527,A
6.860736628512905,91.06153932989227,8.644791101571151,6.366358931886362,C
5.681872812683446,70.83329990199401,5.159217357484251,82.70080146079994,B
3.203707957102723,66.07728411204498,9.50469570804305,63.94944354905275,C
3.9788279681106262,87.44103898335274,3.6603905184775885,73.50804442618671,C
6.248068829658454,90.06947169213615,9.959884254142981,71.17171199217964,B
5.266937523660561,74.5628723195683,8.390635027112086,85.84344850731826,B
0.2593449585639651,94.65155097681514,3.652896337270291,18.37920698561083,D
9.915503090332294,57.19543480392791,7.593607536735004,0.08246168346853766,D
10.7539292620772,93.953438982948,3.239255876497821,59.85284890432661,B
1.6829890679833293,54.80476164859407,8.39130864610928,35.38586393233339,D
6.648433722468592,57.6762761027307,8.594560451613386,12.37873311171377,D
1.3029088936253226,76.69200066369802,7.216871771640134,18.613875410423887,F
8.06688111647774,53.37592400937075,8.998022743415994,33.17493124592229,C
3.3748054060681,52.64035507000552,3.685182961504018,7.023337088670322,F
7.913071616302821,50.02593720828528,4.931466894285693,5.691320212845086,D
8.723935371442591,71.81583298471315,5.899242651148693,91.60262548324441,B
9.223769903011885,88.73119406461149,3.297205669796688,31.21027493536962,C
1.2928913514707587,51.74191751399578,6.137512612998163,98.2230697473585,C
10.992142141651295,82.61288032329277,4.856494192787961,96.43670083303999,B
2.76256789073857,91.15636587080932,5.749145084712271,14.25712823271138,D
0.44895067411415734,58.400042428893556,5.975718423946145,71.4924302896191,D
6.6582296326978,57.34318674107021,9.155882134413796,60.08048891270692,C
4.4510674063492655,93.0400486810268,4.892386793693474,69.06470731051536,B
9.957476917588957,91.15623049750474,9.256201901013904,9.619100001447478,C
9.699017664771622,76.94708831320935,5.981796753689945,18.856007863455805,C
3.805666713872584,90.95999396469901,5.294654044857902,7.66386614508815,F
11.43479274083694,54.63780387122474,6.517584345346022,60.41342052170712,B
3.4910140576814235,69.72407589693772,5.924203004539877,98.65910758490911,C
6.1806855507805745,86.88987780531863,4.801606191386023,67.19845376579414,C
3.071581086811233,62.87259796619817,6.518755273572468,71.07615350219297,C
11.23252284058756,87.61644572167764,4.062612131551819,98.45850415432811,A
1.9752938109842177,75.20893021954069,5.463509601160762,67.80115541717961,C
0.5389274327079479,87.51329939741166,6.9605315356186335,4.0181572628470335,F
5.221164720036455,73.23398189286648,5.89385771072901,86.70056008565976,B
11.908506768670044,68.39521701109088,8.767386527355576,36.46782903787963,B
10.700127195058968,60.959460823931614,4.797052330746164,0.43636215147153656,D
8.98329623348339,60.41896707175075,9.78840105181707,50.72341775608206,C
10.689509890542299,87.5745405285698,8.493054145959459,93.70150008762637,A
10.721359676374359,55.94551740169803,9.773151181982305,25.73306871949832,C
6.226300324637389,54.29911750554726,8.866955883812128,49.151317305283996,B
3.791148621969516,58.81456825110651,3.9947274809614988,17.377688778239076,F
9.264149185331856,58.767325572696095,6.685220634445097,5.76926716664401,D
7.939935158013133,91.15538114034499,4.1898496483705,8.054494671311318,D
4.483892746484521,69.92533117371062,8.727591468390802,72.70109059613554,B
1.1336000167381832,99.51942286802412,7.089135044283071,86.4074470742149,C
8.961475336188311,56.86056288953062,4.844145200498341,14.32988392524911,D
3.149526191074376,82.67699128468217,9.507192804050199,28.831856781046874,C
11.241757806405351,72.43647536006253,3.806302373199825,19.502946764482733,C
2.891646900068217,69.6459088348537,6.947036824299198,2.6855776926427932,F
1.4730951889378323,93.75420995270412,8.047283882667077,55.34313698869836,C
9.973352065498874,98.77978229141999,3.4119397613270226,69.99221701376476,B
1.8394117994939285,93.64294793870894,7.184992232443426,64.78774808850704,C
2.151219697892869,59.61503395175665,8.71130850824166,38.805354730224764,C
7.1925934982501225,61.0398960604467,3.4726912009263735,55.501024593990536,C
10.494744490049573,82.80369395475316,6.585700797746389,9.409930663622468,C
2.357215988574879,64.45417908190959,4.80990024704118,15.430371872268445,F
3.7238840748011373,86.736256539029,7.6404711607584455,93.17946195529834,B
9.32885805889413,78.32103254048224,3.8307415695519142,76.15077478198968,A
11.661917112731608,77.54543842452014,9.55936001469355,92.27390958251674,A
6.008894234428108,91.42734624193929,9.263100072003123,91.66802844993673,A
1.7267700306150093,85.52663858713389,4.301820939129964,64.93926171077406,C
0.16723545249841854,51.32888824986458,5.262861190555732,92.82386481121651,D
2.755872359986263,52.47295685730079,7.113444822571301,41.67041030824632,D
1.5818666134382524,80.07792262280078,8.026436356439753,0.3616244784940936,F
8.13190408335429,74.30960378111378,6.098592106121807,6.257111584615938,D
1.4619900555423735,63.00923276714957,4.094039253726825,10.948732570081521,F
6.075959179447596,70.93280436574008,3.7290604566201013,9.535345318286026,D
8.331149227714638,87.89551593664302,9.998357358400408,35.170239085026346,C
6.973399310650828,91.33057423289651,6.18746485010441,70.12708071093576,B
2.3973078199206914,78.06115339450221,9.107722244039486,79.0648806600495,C
9.649494314187152,69.26847404285515,6.376632032403801,59.021327434462464,B
8.58488555538962,63.53483807475535,9.456503469822023,14.643617455697955,D
8.8678080469865,76.09592353846267,3.614315679400854,74.79016021481752,B
1.572693018687759,65.73748092821904,3.798134339341857,35.480191913759896,D
1.4850456438041353,78.20475685236114,9.50742531406957,1.2993348671796245,F
11.130750612078092,83.83261912548188,9.632451315313494,28.058862053274936,B
4.770938325899287,53.303960545969744,5.203022132257543,33.06005541409779,D
3.611384301371277,50.05337325113736,5.486154208957103,27.424553521810292,D
5.8630085442184,60.613856942037145,6.167151643843306,81.18701531875855,C
7.954370553162989,94.72557488593905,5.913131760471035,75.99263975940903,A
11.467479084563639,82.31453816142796,4.330316511717177,69.55520304126415,B
3.43735472258466,58.59801759685114,9.288627687575623,13.900507851226529,D
11.097701151744324,94.51319809118094,4.773153204939506,80.7833909706282,A
0.2983138966350758,73.497797014367,7.936906866343561,67.71759616633237,D
6.662376507921897,73.80458783393303,3.4700897441448104,19.48376864813919,D
7.607701340173021,96.77709719213276,3.271259320699006,64.80939302815165,B
1.2707688450090395,52.974334609167,7.576113308038444,48.3511641003681,D
1.6840751647669516,60.758913731435925,5.373111003012823,43.935006185622505,D
5.029371831795646,79.28856625773612,7.5882157490400095,11.212316347238882,D
11.59478294571818,59.774325479100206,3.6581484151818127,51.830427584516535,C
7.152510638812474,83.97635046044789,9.648959659411044,9.993180897236364,B
11.196278659202534,60.704614466836006,8.239601268251668,16.425338725426663,C
9.652330987355649,54.95784852994072,9.133870631180596,13.254631427476271,D
5.608579218663499,60.34925798204199,3.9552938783115765,95.41082790700077,B
9.41716139102625,71.13670171360312,5.2411267822500855,28.486469044389008,D
0.21404140772385283,58.80691495865399,5.578409149444409,35.520432359600775,F
1.3097279611888193,56.734601246167365,6.7602085382877295,32.20806062960361,D
9.953143378592836,93.01409431094704,5.0780793985519,89.82504451781438,A
9.56180505990194,66.01986017986539,3.4244151953258357,56.296591133488846,C
2.7916889035972043,68.03793432591269,5.582148665162295,91.91598989333117,C
6.369235087188642,52.763520475061384,4.781845202390975,29.992490582789554,C
7.2721898484001315,67.86848117510272,5.701449040242504,11.483467443194895,D
10.412867445312134,63.240358866078985,4.378716798340184,55.62184527241746,C
7.237285888064708,80.52425336708943,4.833274621953148,34.553699179001754,C
4.9508588312841635,60.26951488362033,7.388666383025882,80.19068334907483,C
4.490208520886192,94.41827265314203,5.717076842046455,87.94234089116586,B
5.110585036482119,96.48333104597776,5.417683752186445,47.257351090707175,B
7.82317230695969,54.99155285883951,6.73733942905661,97.13590240855083,B
10.409887581027899,55.37014781442886,8.40302378590748,55.30130063444059,B
5.4467625849155965,55.7663219055494,5.6520756944357,27.092039338631245,D
2.9740747554162974,80.9784628155156,7.112636447890884,48.89755153442745,D
2.8399483559709737,56.098448210481145,9.763418377577235,3.7310292402927603,F
8.952171362921357,92.6191158965133,6.653860798826354,80.40011602630676,B
9.798825161086924,87.71357574689462,9.368583035622812,10.143505085442095,C
1.2633369582494995,90.9904429119012,8.555708369794988,30.874848850300495,D
0.7987062834621379,76.30302634430105,3.411030771551048,56.531654700494336,D
7.1332039650774215,99.83386057595767,6.003692100284798,4.297512564689887,D
1.7540789303123794,52.208755147208066,7.888228855080117,7.931689918144825,F
9.895970285476096,70.06324820930567,9.906983387137398,69.61163576130129,B
3.724016087088893,66.19683344688181,6.2086340381305885,7.177709306076874,D
1.7264631956537118,97.43227493563205,3.649498178887176,47.70828662473765,C
11.051645669849403,78.84304792487964,6.934064222990075,33.86956334207504,B
1.986380672823338,90.30954827223627,3.885946544867722,22.807940795641645,D
3.4166409880552266,58.51705968292595,8.260636921955754,18.87788978636654,F
1.8433607423047036,98.93170719502194,6.553738982232445,76.34112937325794,C
1.3858807639842596,74.93197734381576,8.064019578641005,95.15421931502826,B
0.2537761960372804,74.68360381353229,9.085532788149667,14.017974220333173,F
0.6647449099711213,98.54423642728689,7.40263612013944,95.9681219174127,C
2.0956976512302323,69.03661806085725,7.287075304772271,59.47625034751037,D
0.6405831915261047,69.87625122774965,8.281992068077418,64.16604053632571,C
7.093725793331655,79.23763514024682,8.897185010168672,70.99263781425819,B
8.168574321594077,56.40263052738935,9.083376503939018,70.4118890354581,C
4.723565481984339,66.05428132059274,3.255011369780183,81.98111081856882,B
3.815893163424593,59.66041612225653,6.893332077584525,48.34686513476974,D
6.054314844266761,55.16417395535248,4.51388516858286,53.33585875147011,C
10.500059306815302,93.307230316551,9.022421235472484,32.38270024634159,B
10.213579521866471,79.4665583063738,7.5387837964235285,10.525759378311704,C
0.5217007441535033,67.93363957639556,5.941557353227067,66.46401909262191,D
2.177980915158289,70.43346886833564,4.316729596849459,3.360996918625092,D
2.840938453252752,71.57595018436773,5.373165381438786,27.563505108336827,D
2.992650909986542,81.65745910723547,7.926443861781571,9.422986444610027,D
6.854791820913272,96.33846957444966,4.430516816481472,19.072715732271806,C
4.995149108438307,96.63898098284912,3.6550806173686095,63.873091289738085,C
0.5910494391311278,69.57459897653317,9.216201307592858,62.847663020491815,C
4.483369661514859,66.46312297988848,8.349472447060817,42.105491299571206,D
6.285035384611646,72.55232500926274,4.398564514606928,9.017197648949116,D
1.2200628348445917,78.39671152142463,5.046180804009942,43.33739164594084,F
10.001502645462717,73.09089557248741,9.8044912399162,35.27448718582934,C
0.6235423975812511,82.93767049083505,7.9572914073138215,72.04591528559497,C
11.098102428216745,77.71995116898819,7.2736540294967735,57.90266081990517,B
1.189357698958506,66.03577733470381,5.153399397968912,49.1565767336999,F
10.122899419173033,67.28654028813163,5.093876009165656,48.69820823049952,B
10.831837727131404,68.92963937798655,3.276665330831613,96.62968872604189,A
11.754848167039112,54.731988412469434,8.09937306831352,75.62942217034505,A
9.624310563283123,58.30313162069866,3.302226575398192,49.697956046012784,C
9.353730489255947,86.15569010726931,3.0340013644409534,47.92226128889776,C
7.709799311946572,69.454835576104,8.106465615026854,2.647910130496345,C
9.347956254937548,60.72694862800718,9.642116300043877,94.25092633198066,A
1.614626500957765,78.13362052874287,8.295521334091173,31.917397176732965,D
6.432816431371648,87.77697712367137,6.301481334370651,25.593908188074376,C
6.170674442284973,62.87111811726857,6.402316746926111,99.94089253876713,B
10.29086572947069,91.33949409618722,6.052954958543737,71.86896715045245,A
5.55359238712219,96.37524298125248,5.272505669772336,4.736377329928798,D
4.621073953204242,79.86972645369204,6.6519994993008815,6.188547702557646,D
7.674759254845322,83.44738294957898,6.018056699987806,2.550156396019787,C
3.1975598100101528,52.62879951615277,7.187175160285423,59.961889951286906,C
1.6772209314474824,97.27599455109532,9.286840563507662,7.156450006195181,D
5.73452728828495,69.62423671324719,9.965065921266671,93.33883568449306,A
5.00267242313862,96.1950200272715,3.55120302918042,93.69065400226779,B
2.7908392863464844,78.94887623751212,5.69278430862939,54.60540667480798,C
4.410141721381536,50.23093994216638,4.264943370367666,61.66389313959508,C
4.396709397914969,51.92709996617179,5.464843317478736,29.18944015252498,C
3.9299467729505455,84.02094028349609,5.012311129838961,6.3972542408273325,F
4.553568956723147,78.13340069159665,4.221759921387518,73.74604451918155,C
8.228920145471346,51.32662186030372,8.348532373949034,10.178598874901745,D
3.5625176948554236,87.17299806111927,6.4740211998046515,8.555764101839314,D
11.386295120584085,92.6072668534591,9.43471907552058,31.12231092042238,A
10.996176234458135,74.82087412196542,3.2281471027291015,1.246565983788206,D
5.770925139600942,73.28787201786275,3.4688460919239295,43.4035615756316,C
3.9403344600562655,50.27365544173137,5.822915080512409,70.76809100800767,C
6.425217477960038,89.33248562467996,3.5619412428282597,80.1348931421939,B
10.182725865283494,66.53580333730527,4.839107174903835,60.430730379892125,C
7.831048086721225,93.93818098912698,9.902208201536364,84.68742031139126,A
9.652701935364929,68.65302937790266,4.462717252392299,40.65022037671103,B
6.392667312788882,78.25389553153528,4.386824189884635,84.87720850604767,B
7.595011551211449,63.517089409966374,7.015484681569964,50.64733104983793,C
3.4578673701895406,58.02941562924593,6.485988035552097,22.30361279982953,D
8.818717947723488,88.7453951690664,7.063068080419914,94.4145646660466,A
2.42885511750862,74.82952394231408,5.637146947459827,27.497087383711648,D
8.33757754582198,76.82439618761254,8.78733651926463,2.620148418779311,D
10.32862881991073,98.27079767408677,3.9700638600972398,24.267404295502693,C
1.5852340476185272,98.17899561110768,5.99874852089026,36.668756125742775,D
7.3725568865030375,92.78210608512018,7.828332939108609,35.134968328926405,C
1.1411489787592153,59.38046463825168,9.077655081980298,52.466750944357166,D
8.708587539257122,79.713634715079,5.587001244497303,88.31268820359234,B
1.0139186258822428,93.90737123277687,6.974219193656269,29.233822710969914,D
11.231277872407512,68.72319682244688,3.4839796150508304,52.077060795916886,B
1.648895160453626,55.055308296779245,4.1922336167828025,34.01389536884793,F
11.506562950908965,90.54814511199609,3.4839671372628014,82.17730593732004,A
9.61061011302116,74.08817756810858,8.095166243989652,15.760151328847838,C
7.124184053596249,78.21963401795892,5.016419781054985,10.35102683100585,D
9.391489255554562,99.10721481589222,8.066217031342864,50.29952532376017,B
9.54137806779703,80.3605715247036,3.4647879533029218,67.18875857654919,C
11.352324753807963,71.24896928330507,9.037834602858279,79.55252010907665,B
3.0406002460702464,68.4992183923599,8.84871138677764,58.96248529053164,C
7.08091074429971,70.88096463270227,3.6225012013519784,77.38497613190006,C
1.1405903707728147,55.919954158933436,3.1662955452003057,39.27100585609238,D
7.393988400289455,89.73752792087859,3.394021690873938,3.2867670266468973,C
2.0554956491134657,91.88584290935205,8.975411212027137,11.609930790155653,D
6.779407337669302,64.21985672867044,4.6429244233632705,3.872260122899618,D
6.869166168406196,65.1898309204972,6.837913225007321,32.894365047649266,C
5.591821835774728,93.71671281674065,5.983709422260397,49.54913412686823,C
6.271581306157474,51.19851777639777,8.568678683600215,35.63174836569394,C
9.167080680079055,76.02287218836139,6.422288110294694,56.05994750663922,C
9.5909365981448,73.18378573407506,6.504625884628888,48.06091484927877,C
5.9058385869051495,84.50633847892298,9.923643576499316,67.79428018639403,B
7.1951212982713475,58.169585007472726,4.0509068972448,66.69621635634061,C
11.174834828281222,83.41653703975769,8.81492757122152,31.806414710867948,B
1.4368030620134737,68.83670039374383,3.3622482192271934,34.62144553610915,D
1.405242790801326,80.93573890848211,6.343541387010795,58.51478216413033,D
1.052508142929221,52.004750493638795,9.204343767531164,59.64324678908418,D
7.894359420486333,73.08635985922547,7.656497759228849,31.469991363713312,C
5.023299609484553,76.1125446991186,7.796502335562931,33.03178857754252,C
9.291856993702119,60.71632014274933,4.843220975795399,69.4045013186147,B
8.054776959703112,56.981182708956034,5.93002353953018,64.74108228760696,C
4.003653099938858,59.42371515061507,5.5660674444933536,13.505080467977471,D
10.780398568338429,67.2070539031674,6.65010247110596,44.104187967539346,C
9.150385764847828,54.84050746524857,6.235595511005677,89.27060787105903,B
3.2464192909221086,97.36598978648021,5.288288463138926,3.6305676104475215,F
4.370304213264648,70.24970307479086,5.138364286598191,85.51639464842137,B
3.7732797624511547,90.44848012533745,4.755970241585855,16.31781570641436,F
1.8913397834999959,98.72085615544233,5.555330728193309,50.724863246171594,C
1.7734004705062998,54.036764000136955,4.049590345538425,42.43364289230115,F
11.233529560508929,82.5834733967497,9.104730114025017,1.0129337341458822,C
5.254848446385039,93.5704543370607,7.2148357428339915,91.5396937089632,A
4.599837873328918,81.71172169833642,3.936504979156988,45.49252273343056,D
8.756228504128535,71.45130606787063,7.857015339463009,95.42682767606149,B
6.6359167830348,71.55381788189692,8.933665275985813,28.674390097921787,C
11.233679842061546,51.794944300367945,4.662749704365812,86.62757734159725,B
9.363617926912706,76.73003756446377,4.054204160360848,92.23895739956305,B
5.752434769494484,99.67714983934238,3.0603207999362643,55.68324163707806,C
4.5163136817699145,97.93537629859671,3.3307523719953958,20.26777878677175,D
11.839578539091864,52.01996144210816,8.335759438124581,68.524743210572,A
8.613122832043722,85.2898501814744,9.910304324291857,54.89780665294602,B
11.414335920046094,65.08824333484654,3.314162257333936,94.45296658526259,A
1.4217429266044963,95.14945767030684,8.236496713559248,43.927206181049186,D
10.20640415028939,52.25573728546393,3.5030351608867205,26.8513647639822,D
7.644886607894491,96.79370510055404,7.144929774325668,13.828700149410711,C
1.463060140021351,91.87378718938885,8.292526976997664,69.86335686866795,C
7.059095999630648,55.87521911263008,5.5144307808741635,97.41096189805822,B
8.233156381265385,52.991216865864956,3.076543047774646,2.8343770571398474,D
0.14763223066323405,91.7353832163468,7.166325464877981,74.04453547781267,C
5.451815542100959,57.78788354872897,9.938712396980193,92.69303625596666,B
9.904794134355853,76.74490764879353,4.8033219598694705,7.478153422734934,C
3.5443083041290784,95.78724289393548,4.326438940310511,11.017004510613315,D
5.502576981582614,78.37240567746616,3.8674812492746047,69.19570984497086,C
5.307769524814718,69.8616650736412,6.8867893393003925,64.79633758957884,B
3.623128697309899,72.2508027426996,7.175115695521914,6.8827415316245695,D
11.02130274618665,53.15585853519355,8.545895860192816,83.44227521511564,B
9.37552842517819,98.43761606807993,8.271512915343568,52.34238478448924,B
1.327060931953326,65.53270925405414,9.247790463565611,90.71973733366126,C
11.964415894050877,59.46817458364269,8.64040888839611,87.79908809927043,A
10.550400291692943,64.30236509201977,4.730869581556111,81.25077690501658,B
3.4069012543684676,98.21865974457394,6.891141834130328,51.58988962444213,C
10.042758955931259,54.71430267440035,5.08188371365506,25.171064174943226,C
1.2770343824565944,93.36515202505907,5.308497656860517,50.59755039111325,C
11.989256765690865,85.39219472007238,9.523610584609974,10.081137780178008,C
7.988216833278443,91.50095895795141,7.773271335469515,65.88461484734262,B
7.801500186705564,98.79487701839481,9.822132892757741,13.397721922900763,B
1.085288723809593,92.1077327758436,5.918387757031212,51.11729625007231,D
10.764400786759502,97.16911756389264,6.762063013477836,5.438197416681778,C
0.3479940384536331,56.34676283954599,6.409807939414952,29.951249027464588,F
2.8899366964937645,89.7894282583485,3.7510094026660883,23.20804606697878,D
1.71626250199962,77.28378470405238,4.656913961686223,62.00315427116705,D
9.321215288306622,77.17477975399304,6.693454524231376,78.67867120225087,B
2.3784507265547745,94.94607881602568,3.471620135931044,5.730295454052614,D
10.927658725570623,98.59019093233556,9.520233505162224,85.02836851553842,A
7.875228471929882,85.24191615215905,3.8669057736035954,86.07676949546045,B
0.4339525259363546,74.1469194735892,4.38586522491835,34.22690742880228,F
0.06515800954440554,72.82019289509226,8.357248567570455,65.90040659703222,C
0.6198950041727871,69.31707286115909,3.6785417925251958,40.26130317034495,F
7.271102131772732,68.07995147863313,9.301946697307866,15.41908821896315,C
9.617781730312984,69.57534208422157,8.079906795057749,52.866241856311035,B
2.8626338475286617,54.48766176255977,3.4803459997620125,8.635967450159665,F
10.192906115076875,53.871804263021914,7.84292942899957,87.84721553959879,B
0.6867832818391246,88.9934921936156,7.421399795199225,92.42897594096085,C
9.611566243700114,72.3036446460113,8.30144602917943,82.16131370114036,B
11.133545162067364,96.53422442723102,8.797384967425351,56.25281207559786,A
9.265300789252567,80.61105042969763,8.028453942212085,55.7598591125455,B
8.377449407743647,51.75879910922099,7.103234066896803,98.46073766009297,B
10.055762623864597,57.87616706587397,5.257243230072444,24.79016898311829,C
0.48181559456479706,60.290989650650374,7.880915632809504,7.594836590520748,F
2.4213853286286646,98.78680121948304,9.698801092415456,56.19409236011778,C
1.499084151667717,60.935211307581746,7.11265246370212,32.87855978101033,F
6.054371882315838,75.78778381440256,7.650414079039777,32.23387728080442,C
8.942257539946134,96.8088465820098,6.059896295398605,0.7085354169948044,D
7.560142134916784,98.85963649571787,8.29284566820152,59.6239409547933,C
10.21357319714322,61.81802176917723,9.983671746370451,26.403370227561407,C
1.8625559092930906,52.455882187502006,4.122725268474152,18.7858548192681,F
8.81545310322194,57.68009162688792,4.416836956526336,4.043193139300372,D
2.316497890426849,53.1664239351279,6.776064310650726,36.43615764756113,F
3.249105015813603,59.75621205461682,6.369627780831608,87.89688723864573,C
8.518856367375648,78.42848573518677,7.000988491547032,33.66708075973723,C
11.762457418784182,95.6224398147821,3.3435183340699113,67.90742101195937,B
7.338523271724835,76.860944184717,5.829935194313142,75.65469634019072,B
0.6540037798955471,81.29947783495403,7.080847834458925,32.81008091901996,D
7.395707639130394,60.093362580477056,7.096339459134739,82.16407350120413,B
0.5082066189620051,90.02918103369251,7.601337732378615,69.1879659666949,C
10.609748536401806,80.88944542527916,8.041512203018646,55.92422287009515,A
8.514939421207448,93.20684145963625,7.490830423385996,0.09924640506289162,C
2.0775341570700387,97.4421553502892,8.531702087726046,3.509076592280813,D
1.1006520698903768,67.3950387878296,7.373324442792142,99.08658441060633,C
2.2023987465638277,54.528952926771964,6.762553637760432,78.22839235035593,C
11.76032615465031,61.29644789583912,7.243375002214676,93.7565258772947,B
5.502727709501878,71.89207828379186,3.7083535672733263,90.23032049180276,B
9.408971380096895,97.28468259122366,4.912095785078639,2.0442983142750837,C
7.636900105293322,68.91549111867076,6.691798464606919,79.18472897910739,B
6.868957799503648,88.5386606832685,9.11091050781195,45.11457440111546,C
1.7415630559805964,77.02383460853775,7.753360894015952,78.95582040006556,C
11.35229344269714,59.14043852154883,3.632856549303283,0.6715784163385141,D
3.616111590176615,66.03670594767257,7.14592465311083,28.819930120056426,D
6.9362065896905065,82.65959425114093,4.552165913459692,75.13237757913022,C
8.397311335068792,83.64266973424466,8.138115918521061,79.30207886015897,A
7.790797862943707,71.7379873404523,8.792085967561231,61.9714601214624,B
11.287132916346222,61.432280133105735,7.154193908129813,30.125618944626375,C
1.781267879040696,86.09533897563381,7.139538268261968,31.03625912878629,D
6.100232861363304,58.44365208063574,5.370140102475698,96.67639636420327,B
4.848412688889192,96.83348459325633,6.123750148129166,43.92121792342045,C
5.690024753791418,59.39517895182384,9.048758476707418,44.712555024383704,D
1.4306103143729354,55.36561814162602,8.063242316770095,55.23327502406995,C
1.609135318473184,74.88238511826894,6.638275617870901,40.95023368643888,D
3.3369065493750885,75.9774799054847,5.577626703738597,55.267156459741415,C
3.6564552451299757,75.40964573891225,3.3526581680198806,43.233542276755784,D
5.134838564176199,71.83337446694198,4.001051809284696,82.67149196021867,B
7.33185056443954,99.74074464148042,4.351176326775595,90.9051019798284,B
7.615549409019156,74.31403063352909,5.613684802810723,93.21102598153617,B
4.941730759026843,73.89732903699155,9.609005529533922,56.429620582938654,C
4.905397313144365,71.08830313572807,6.53607376401124,44.21485574644953,D
2.6115423203635437,53.341287735073145,4.643881142814617,70.52400587918379,C
7.059674980908099,79.6478315574808,3.7402509622305984,83.83235912959066,B
3.8044909358068546,61.39838861115912,5.3681386722207485,56.29822420663771,C
0.4327180113283644,81.8804490114525,8.710114448857398,69.99810218222613,D
5.020800529882324,52.54167309742386,5.6833995538735556,74.9729350721248,C
5.689592101082043,99.06935506265009,8.407540642156894,67.63937767172867,B
2.707114418450532,73.45025395063361,8.61893483288815,74.61335557293096,C
6.869495197465389,94.83776857953492,3.775745387890929,20.864533255599838,C
6.789262805183052,73.77805866164674,7.2606182683874865,49.83745470217975,C
8.424026173324457,53.01654092871109,9.713672443597776,58.82685546050872,C
7.7753817864145205,91.11067730469034,5.814966524324877,0.24779308570230807,D
7.829196678252378,82.40918648335672,3.356608623021156,85.59625088136819,B
3.7945698218885173,89.08785237869725,9.46311883180515,61.00245084449121,C
9.449186663831446,71.40849317544367,9.185663971007381,12.913633169820326,C
6.589732603196153,81.89683721233224,6.654990130463013,81.63570725758271,B
5.177018342158681,92.81145018983037,6.865771842408067,71.70569664405446,B
7.512149771292686,81.55327214359437,4.482187719432874,75.8299543463637,B
4.327888013403051,67.38368174179516,8.736155288812462,39.20424618618562,D
6.152870935281099,83.12647971831,6.490200268744885,85.42025066949921,B
8.840468261786643,83.59270943070337,3.2371445659978955,41.402758213236226,C
10.636834640684492,98.02934812533125,7.781104695142984,57.05091529455913,B
11.0526863675423,68.54561607708345,9.653473888618944,0.06423036998737253,C
6.043595102197191,71.25408837570656,8.804053432420252,64.48731146778623,C
6.243301376886829,90.60614805935296,4.940386981473779,71.81757921279367,B
9.598444929166037,75.28811573713706,3.3732755945333848,56.71093654887923,C
3.773408300930415,86.82865465578665,9.582459887767264,49.655881704361605,C
10.048588348140823,72.9854732226796,9.559439074157911,80.99364737117082,B
5.929699758209081,60.77475709063502,6.726907237990085,68.13727171652418,B
1.3902806920232207,87.26019213905053,7.4962218817007455,27.807403972002298,D
0.8647097648753244,56.557758459235494,6.238200424975658,95.90733380799858,C
10.103918532473557,59.9291831765654,5.938357569691311,70.72671941953408,B
0.6668150028825348,81.34124913921043,3.8361390515009024,98.79389289124246,B
3.367337233603871,87.36349000960348,3.677270288527672,97.12613162688683,B
4.00956048601855,94.73439434339075,4.629125026733313,91.89097228100898,C
2.0759333422991255,63.62932487079458,8.856485224845809,75.53715412253077,C
3.7667204376238708,55.536212930027716,4.0208261051497605,60.942936849696736,D
8.912310800701029,97.80233297613145,4.586890563402975,17.21706636829242,C
0.17619412272084922,57.72115440110712,6.840298415255453,54.33514174237577,D
9.926081094248238,59.88334911273198,4.505918526547921,76.53765223943273,C
10.278576282894697,64.56647267792329,4.14244679302451,52.08571587055678,C
4.467138878298578,76.46956770131438,6.9432136918857355,86.82391284056578,C
1.8433547887276176,94.14127830170389,5.5766528969763085,10.965589919169826,D
7.21008489534097,88.02730113649335,7.383115000883285,38.094034804863405,C
1.436070670378732,85.40787769213176,9.385437382860733,50.596441859365726,C
4.37903233293903,58.75902839280018,4.056951920045473,43.23252958691081,D
11.50115017081167,67.88413157629871,9.394035618691447,10.858654782155309,B
11.945573671003645,73.9202463043339,9.31742977196043,15.352829404463053,B
9.265258696255028,57.37129767427929,8.803613083351319,83.76172928554871,B
3.7315381190491945,63.67148510633363,7.419001421142596,48.4384259201451,C
8.25198058999311,65.41666019764222,7.341026602258832,4.872242675272764,D
8.464876385808152,56.36380991645196,7.474488619555511,1.6491258977649914,D
4.654100341963797,77.51198459541288,7.833468858524692,47.34754019943266,C
7.6906636150339125,85.25140982620965,3.115375404173099,16.437872592444368,D
0.1287317397081149,53.49658157384306,9.706648054124548,70.51259459992218,D
2.5086919032268975,74.05615508815748,7.099226330259059,79.53234625277513,C
6.301059635607134,89.11055976338974,8.470260875816951,22.82967084571056,C
1.9650156510995505,87.39950644762234,5.640972873429542,59.217694488178076,D
1.9908824145184036,90.7536548109377,3.0867804974105715,15.4444643485386,D
10.035651486602855,72.41203165853035,6.5681426191351076,30.3582651594387,C
11.869596032203265,91.02785413199304,6.550330835211502,88.87954941814333,A
6.671633136341381,62.03765356071347,6.058925018180163,54.40980914823108,C
10.06883677058056,68.04052807087577,5.378019379134537,88.58886951442001,B
11.883859971915271,58.81777882089007,4.7487826146680545,22.524780417950694,C
1.6991506628252964,73.37422697142858,6.692814121480279,33.002434324866606,F
5.378947359052213,69.60300112077216,5.626946977854459,47.095213845681705,C
4.710872590103039,62.04635582071561,9.789523181348661,48.00800751945429,C
0.9605914037542203,87.58903546153908,4.21049115436852,99.76479671837004,B
9.063962073536933,65.69233860558234,5.237658973389609,11.44453189711301,D
5.205348327871116,63.64021650729178,5.0577232964719965,85.19650356015907,C
5.631923210284816,56.544516542524754,6.803164233651699,86.36820394218702,C
1.8080756857588822,71.94108509009743,6.494961798819036,55.31986315377873,D
2.1711198267704175,65.14823144186511,7.506183257969912,34.403716825915374,D
10.88524346587458,68.46364206704843,9.650012394019456,51.92261042882962,B
0.5357890676913466,61.799863131027635,4.996547598457072,29.24677048065638,D
2.794227419324475,88.15777449099502,7.8494009847849755,79.91074484399395,C
3.5047119637743402,96.50016736773587,3.1752814210362854,49.827915871033014,C
5.882370508819037,74.89659263944438,4.836719309135372,92.58421788774506,B
7.037342076177551,82.14992116704163,6.246038095976149,62.26913443560438,B
5.919479710207999,93.3586138303353,3.2169635193679413,51.431933311468335,C
1.0093840146825843,99.94148186668292,7.323686223875472,71.10693539776523,B
2.9240094486685626,80.67582423649161,7.748174258811957,50.39329644302343,D
10.123060617150493,94.48897332699343,8.227122003866327,90.45063504194472,A
7.651064405741509,95.43041232778211,6.616021533901086,18.44459608868413,C
7.789788601611292,89.5725743903811,7.227612654850386,97.33486837459057,A
8.042439064216259,73.0465695536555,5.772456758949411,81.2190551851192,B
9.154836228474348,54.05770002119497,3.2887712275459378,86.07333618648696,B
0.697301780657368,50.79027777200669,3.6996629904215914,48.290783237107114,D
4.399300619191349,73.86003166414623,7.584971469410249,83.72015493375974,B
6.474329223140144,74.7157266767309,9.968887097100435,30.677408357720516,C
4.061477799567912,70.36811939314862,3.110622674143073,76.19481785641752,C
10.133746479446238,78.40836756456822,6.903084477784679,14.045015838902264,C
5.790870103047528,77.60813516522136,8.257061270177905,30.70519159625087,C
9.22353107351255,91.83065205163464,8.787423796097151,44.57326633597328,B
10.224186202574028,55.43285516311312,6.816434308558481,32.23197181434219,C
6.057497794841977,61.25888330527727,7.339411861288736,38.70171156241836,C
10.914626926456199,89.65024894798151,7.877074616921874,82.0104744783698,A
7.045487286443767,92.39184336118274,9.012763747854013,25.667589214216758,C
10.20329158600466,99.74121068104338,3.8560267604197307,74.52811721545723,A
4.087089547098291,93.6456008193542,9.483275373924045,7.371206911165185,D
5.985803502377823,94.49495035361656,3.18212182486099,76.57391075150608,B
6.376932492054932,65.71739713149525,8.853398256704427,79.2023242829773,B
1.259756590752847,70.08308170046882,3.5371829859178807,40.1698775502482,D
4.782630080418487,63.404255241027556,4.362397481234456,72.24778231674705,C
11.008052070620113,80.31496990963578,3.027259024667928,91.51384037450991,B
7.569986884376909,96.94026771035192,6.116796938752285,80.07129735545269,B
2.13007898924361,67.23204432558089,5.340514587021746,39.044651039695985,D
4.066267627315259,77.85008909407252,4.161950380409191,48.421351428006446,D
2.299236115952398,64.81498152267426,6.1576311256273435,77.93575447858055,C
0.2978775815828705,58.489998688635374,5.816596182205287,29.259458984912357,F
11.12952550204832,59.759276490932784,8.373627228891191,80.38827403088735,A
5.378487939082458,52.8972672269065,9.251912142490227,32.80711425609412,D
3.690420869049434,97.46467615046288,7.567970762369573,80.59905823855381,C
7.181726298692839,70.14398042538147,3.870872721085667,8.680044335072335,D
0.08777347551618764,91.7060446001054,5.067735562968954,4.439729691059013,F
3.336265279209766,84.06647363448457,9.39322807782596,99.76754473698223,B
8.436401588386712,59.59605807055427,3.621141451055224,86.94571232346891,B
7.605237276831156,58.77311232895439,5.8479908757357855,88.28475034662038,B
11.781671370510425,90.59941007552725,9.59753233463437,95.12799476066175,A
7.444292515896528,63.23558553097687,9.6546538902864,43.831630941448786,C
5.730070483532794,95.66425918509879,5.878422239342247,28.68355546801522,D
9.137190758208092,57.00277023447453,7.671778216691582,13.002499501790298,C
10.839934463568637,83.88543072272347,6.197219188477993,50.120913353846454,B
8.648351360620218,90.72369380154669,8.274223776054392,22.004832047660784,C
11.558534682592555,61.76281942078225,3.2210693148509897,93.55508567393197,A
9.384062048858127,63.810368172828305,4.009100042449509,0.40031624427790957,D
10.401617259143118,98.22594430696009,7.299391624805194,14.319673774312157,C
1.3692488542036463,63.22988026730791,4.627865837101445,24.647585308342677,D
8.788962035925453,71.49785249500239,7.66236609488404,19.895671159319505,C
5.281064394328423,71.6257796621183,5.458560492229088,22.57784365797103,D
6.637245628935302,62.651737496484174,9.20651890689475,65.60476050611784,C
7.849228913788281,88.78955432185452,8.734815698919906,32.75120783131492,C
11.637781400466833,88.59246716145776,6.449864600481476,61.50243819033733,B
11.814936977179496,68.91590071118928,8.410265609664005,89.02579336462912,A
3.458738945854863,91.75628955403668,4.897965203645633,60.2556765525702,C
8.805041969254994,60.65374671995012,6.4598184376830385,69.45327912863814,B
8.999802455223223,50.21528878338393,4.382374363042947,36.55032982213573,C
4.157914335756585,78.55836810278706,9.026203179646958,15.973846762270917,D
1.4864372983706522,99.70388862261893,8.761473315978904,32.058406244990614,D
0.4913635234286371,51.93221549134423,9.315047678863008,96.4282648704108,C
9.328117530350143,60.39990368542303,9.142338868569816,62.181138445313714,B
5.87639690180287,75.94573212435421,9.717173834416464,27.75111194340152,C
11.826482033939115,90.49703682224353,4.598353621423482,45.09152671621038,B
5.579681474323836,54.45210025375266,9.52277003556721,83.55130374309944,B
11.735003748886083,69.76173268794471,6.998492339463984,66.84435707057736,A
4.938912026328719,87.35379003149431,5.957465587427065,56.065284072916825,C
9.524185806719672,68.57716042031808,6.9226172717751115,88.5162876633841,B
1.0178312677419847,59.44182102378195,5.398216496551945,67.24395722167903,D
6.665540521653167,59.774791369829366,5.019871048726665,64.27297307910955,C
9.62471744382869,70.5024393457497,4.6892003658427015,18.976813721076812,C
11.096420006638663,73.97085374029456,3.5769959261998876,10.638868301240779,D
9.87099708740918,93.0907208908007,6.475954280030312,96.51421170573991,A
0.4436487264140907,82.11262092839968,9.214331729997213,59.88583701003527,C
4.47242809568081,84.52009772577507,7.411063784920692,41.56834091464291,C
0.5843816677662153,99.14935857679535,6.646829429290415,58.902082091021754,D
1.311387493374696,70.59217201504869,6.000150427756416,6.181196107171538,F
8.10366754400981,70.16772016245642,6.250811384220343,82.21272739041068,B
8.559098355740378,96.16734838629061,4.4649414330036565,21.664553556433596,C
9.284648193019516,62.29377935025293,8.76055114035168,80.4546006317947,C
10.385478576667953,86.49076231514334,4.388680742970696,53.43784432636106,B
8.873177621718119,87.72865691090674,8.016359297091192,27.657201365690277,C
9.610459105279585,54.88939987227215,8.319895080473067,3.020994824207046,D
0.5875645178793509,73.4115702846792,7.02408329419414,81.58333553266057,C
2.814421805295583,60.0281235660777,9.040484624683799,17.646014146930668,F
7.462773280502949,59.268763640124284,5.03735246715455,5.180511563987345,D
10.297503655497877,73.19140552314381,9.171320548700042,75.58777308258809,A
0.05400149927590947,64.47148537540325,8.105873217195128,35.00432223729788,D
6.175552105396198,89.80302238129354,8.591248794332326,38.933400559165,B
8.127448792372766,95.38024456952412,7.652057966691199,24.706758728071897,C
0.35528746954335855,90.13603026441828,8.924401118929786,85.91784786968971,C
4.816266690640655,63.30154363108326,9.951692039023452,29.732952610653207,C
10.747618576604362,63.70671968443042,5.941139981672471,21.019256975102387,D
8.059353706270304,62.73641750587337,8.697409785966993,30.92497263361561,C
2.8519003603271678,56.7519048028118,8.212058316626235,20.314957516739696,F
10.233373555582952,97.18991840518555,6.170091159984126,31.765522080520746,B
4.176377080914172,70.10238990785346,9.488642998127585,8.293622286817303,D
10.240136053728714,61.23447372729369,5.760981507008163,15.853002911945834,C
3.5873238134268663,92.33355252541217,6.958261413933663,41.70528833961479,C
7.083843010597787,69.95976513288952,3.741596498936731,87.94668555898764,C
4.763280812974009,51.75584055548333,4.580426358463864,5.729074672228585,F
3.2979006090608043,58.09707851248156,8.884873193736325,21.267470676003065,D
10.63869074606243,81.9625170178085,5.7758690598019315,90.83456755415963,A
2.251124183273896,89.1452637085862,5.758588625906807,89.00146741599217,C
1.0177390948291571,60.54671942443565,4.721867127334342,67.94508332959413,C
4.103123262547925,95.86977946330711,6.441272340082181,24.047355409523796,C
8.61166977169881,92.54985600260822,8.640718729454356,41.981056105578574,B
9.68917927171538,92.41903770305404,9.266148824416177,21.122099443796504,B
11.984920440801178,61.38305733996071,3.4908010243092873,12.858850912520325,C
3.556344684133979,52.526799432502884,7.023745118680808,37.99983945138915,D
4.895303413575386,93.37117697412918,6.270913575246341,57.58216050703502,D
1.6418553363555155,65.29001143692837,7.299972953301048,35.993267546480524,D
6.898463155476403,80.94581905867629,6.130929808357884,61.082455046596976,B
11.970960447155006,87.9983441850365,5.790513745973906,29.625473537930546,B
8.410572121447903,56.41466292555601,6.303164987006426,34.58505277607903,C
7.1425540849604605,89.0419177259524,7.073993901294899,79.06735916446095,B
4.708429115061528,96.92557294805329,6.506882477222438,87.83147308938581,B
10.983585123426657,86.41874828732045,6.3050111571445235,32.20340815310521,B
5.962999153564193,72.0611374240279,8.724847169706564,57.15158013452763,C
1.612402959756738,93.83390693758514,8.219535938665004,27.816228389226804,D
4.384541558389602,76.37288150362795,5.38964945926835,5.333464170742753,D
0.8060000261732028,87.23854639083771,8.604039822607243,73.7857181360408,D
2.4237484522653787,91.0252971929302,8.9755546830315,17.100348323615034,D
0.21202537199894644,87.4676430849503,4.0744454376193335,42.57125237469172,D
5.4393589980019605,64.3927438024077,7.0787772321153115,48.70454933791568,C
7.6144831794215655,55.89219504529155,4.9971839551944965,18.447158417910593,D
4.119509548546893,61.91692646810301,8.174206253487057,9.455535066339626,D
5.044581258063325,75.14374684901766,4.6714973055107825,34.80130146710706,C
11.510511274134911,75.2638461146548,7.699824669211223,95.22859075503185,A
9.023557458898987,79.13221746572688,4.785872592403438,61.51355899884214,B
6.490279643339415,69.75509187739453,6.578006344009602,38.14102284029025,C
3.414490501341903,89.34456907250139,9.640525275413346,3.8910820774214927,D
10.763961585275943,95.65768751736039,5.669152769195041,60.027328139108185,A
2.821165402567914,62.33625267397356,9.130169401742453,9.225764093537258,D
3.9041127662001247,86.8261608850944,9.908612068427262,54.25440710475263,C
10.908777773075382,83.89859262725224,9.123955941636144,75.1950508271743,A
6.354504663420869,76.15452496396574,4.1610622080634005,42.358534829478636,C
8.90781539301572,59.42651169370801,8.737607536746141,29.94114948165244,C
7.088937529965193,89.76161292913548,3.225045765703929,4.73842338175986,D
7.841270508113942,98.03131428144164,5.753113185895155,2.4777875161596796,D
3.592599498177907,86.09181661168067,9.095133613225046,43.00265696455212,C
2.896464739519955,95.8929998312867,7.821265489319439,88.33452707029679,C
3.869908166023983,99.20926324739999,6.729182991365146,24.40627787931904,D
1.8652987690010696,67.60253371196191,5.715048175578344,57.40555057818213,D
10.491772383489689,81.91117764631684,8.686078625292001,68.43058196797618,A
3.398963199001369,73.6966368819039,7.966908827637546,6.082986750136143,F
6.737872732972615,99.3314373431615,6.278837237309713,15.31003758033771,D
9.503693101696488,54.690391200386244,9.24739036046762,33.12767934195671,C
9.405889312508563,70.61874571486123,4.609636124730427,67.00931741485705,B
5.260635103010315,93.7769522263618,4.192740564110374,43.90351122280969,D
5.715087703040708,64.20256552632577,7.49962635033507,73.41950682182453,C
11.936420987220298,89.38964253194364,9.803960398912391,86.75978655731925,A
8.095169723748288,69.13915813901278,4.730796013147392,75.83722765985429,B
9.775661317414592,98.99892699450791,4.747692652536785,99.22472073132491,A
10.830647630630782,94.17649182118538,3.9764919357353294,75.43610687316496,A
9.45107803475207,65.06601788313077,9.023944886915425,85.21791950074505,B
2.222152139442811,88.50965567689275,4.584782782879339,83.23663584650009,B
6.746048804850867,66.84282719166343,6.522249687074215,73.02657622800466,B
1.2227298877745385,80.31814201077675,9.936107346015433,80.18018166558906,C
7.835065518767981,82.9240384196646,3.084986306454305,93.46832278674103,B
11.464193138253732,91.47977045428524,6.895402633575559,47.52073785262926,B
6.152784771601336,51.22254204410074,6.58602329893462,63.82870239125435,C
5.195669914413206,61.00789455761498,8.652131634871083,51.49397215727727,D
0.4301130170179581,85.59589052942894,5.486970776869439,85.1036987192073,D
11.517294267950644,78.17616184847687,5.8723895122932905,43.13596028715073,C
1.2360322095619054,74.78025391005716,4.175565864192046,81.97267711447329,C
0.49294911965816324,52.76049783539902,8.185706621450507,79.93545750571388,D
2.9527993380592616,67.41379417307282,8.492962364317037,96.18861013685905,B
0.7863652070205891,93.25501159553241,3.956643245451812,24.89206992574188,F
5.461414108941148,51.54464185180161,5.754199517918252,70.96195098859123,D
6.193053615085349,69.82181176824061,9.25033496753878,75.69194976474863,C
3.750839388343007,97.25741438353863,3.0189509157305103,93.62784928046656,B
0.6115257908986327,52.544036727250734,5.091313494358426,90.6902418055531,D
1.3392044189907204,87.48528755223184,6.885295995367834,57.35258617084483,C
4.6140525358791376,62.880630809101824,5.338657017619673,57.91531858639798,D
0.7263414099184335,93.33044160768362,4.904316324243686,16.72912284042294,D
8.37827670731896,87.30339894796825,6.220262394322488,97.49627024237711,A
2.4842464982977437,94.28525854291814,4.270661756767856,25.501746270342686,D
3.624858825403662,60.7962395215633,6.707376686716387,72.47362184512922,C
4.72950932613717,76.56463774093025,7.946871449192582,79.57950048053125,B
4.999315596829774,88.96349717874003,7.0270646683995155,44.121550461138106,C
0.019928492097606387,62.28498714974905,3.6517653160097163,21.119372002905802,F
1.3448444519843705,61.537315263360846,8.910860299159012,18.896038421968676,F
10.353174764890536,51.35910667487925,4.224844862412417,85.64960009015917,B
0.014796750142897608,97.92576469877261,8.3536840042779,51.07564867485148,C
6.0980082697545015,85.50084400273117,5.523955775430952,9.01369820382667,D
5.874024078086498,81.77801770050924,8.479329436392717,71.70194727628886,B
3.997129932127654,87.19973613474954,4.44391032383742,25.01710528050296,D
5.175924241757396,76.58064593477197,4.306634725868008,87.63947507508793,B
9.36697365031901,73.80669105452051,6.479180923522376,30.957178602997526,C
10.094444474579477,72.47661205617604,3.2305521028885233,20.027083009014312,C
3.1241825209830005,82.02196060518207,4.577081371476334,8.485844355493432,F
3.869885291612758,60.07674876961916,8.068085765290437,51.15311366376475,D
2.9097942363399927,94.40293475074348,8.861684348137977,45.07375878182873,D
5.758360806612782,90.58761856096325,3.5654975475646733,75.13121446031428,B
8.199100291905754,67.4781805726017,9.17454396606673,46.46025871930364,B
2.7390345055610466,78.93046484062621,8.582620428372254,34.3815968924371,D
3.9688289046584,57.05136499750073,9.087790069948758,26.165491563294406,C
11.164615411069805,98.61731239667989,7.88899988205188,27.81467454699711,B
0.5828314781634969,95.14463438151418,7.719071471057753,92.78479018278139,B
5.529235262874795,96.09487532496001,6.675652633414046,16.50786020878123,C
8.538696499161334,66.60815238517259,7.569510571439205,98.81764245571502,A
1.8054481386896888,58.45673536914279,9.433767651966235,32.69194551922248,D
0.5684882400657822,60.58860817331552,3.703654009916959,8.839023541749746,F
1.658464459662369,54.500069552254494,5.210351344922638,24.8690380787865,F
11.025878322368195,56.005531505069214,3.5071848151711027,5.8414379554618705,D
0.11111738185348097,53.56522670924227,9.61363620360827,79.00297691639159,C
2.259863697736222,99.49115346024368,6.116858261995716,51.255291254110546,C
0.3754021548197346,53.70288416845368,7.727411294733319,33.69866188668009,D
1.3275536107464392,56.62710404757068,8.88784045153025,66.20496046315625,C
7.441791439539555,91.36272977953682,9.93700173653542,63.06465259503202,B
2.8996669048690293,79.01201083714716,4.13247720454586,93.98720892275902,C
6.830544605168122,88.72086022846662,8.5965882400276,96.12605167483797,B
7.082344593193514,81.54560038863275,9.211960286957154,68.06837756654053,B
10.193223997077348,94.1087535164474,3.3421276379561293,81.78159272441685,A
0.05689671494248705,81.92337638823703,8.278633921299015,79.24251003351786,C
10.240433512108401,76.10625464515755,5.483077248375852,49.13035326998998,C
7.429429037123688,85.63748468806499,7.5401775402930244,70.4458288033417,B
1.952921833259491,72.36963758960547,6.598337372272053,7.82590076835702,F
9.275248657623408,67.30319114523674,4.818195764606458,75.8021083150307,C
10.26589850148703,73.38262262251062,3.9465495340279024,96.18330071923677,B
3.0511618050498877,58.485705254928035,3.8186306316244583,8.497475312573844,F
11.02552417083217,89.82858649013457,3.723260003959442,83.61157845918545,A
5.453489163583894,63.03518906679723,7.464530280942045,93.29800266492713,B
7.241093451999857,57.676577316852374,5.459875959796767,22.618888980206208,D
11.815794403411724,62.317612089161344,4.516434067441107,52.481118760920374,B
4.338432943670393,92.10350758861199,7.843195648941322,92.78582254629885,B
9.757912149841355,66.51006477988656,7.807946960365268,96.02260045229679,A
3.8207894139415157,84.30249347529501,6.774178046498983,12.788238435231635,D
9.590562266897892,92.82048153278697,9.544704718060956,34.90042255554506,B
7.20880702635171,53.8872333462521,5.697899620089949,69.81446411508566,C
2.596268342704817,88.25122025890215,8.851040798885052,22.15584993859303,C
4.968313125470837,65.3832733189515,3.525975855525374,32.47706286344808,D
3.81162761236274,60.83111820920213,8.17881765826953,2.3291060004693276,D
0.9373007169643666,84.44507262264861,9.91913189682351,15.35216809311989,D
0.3580172411963698,95.48983113666169,8.926187514014718,56.23294944177438,D
4.1577438648861715,64.75096043561977,7.057653035170415,65.30900663041828,C
0.22840977380983896,78.44169026921595,7.387362450290125,64.8911831095837,C
1.9858530909813004,64.49170569247458,5.4730268460586275,77.83604707782168,C
8.702199850210425,77.7142792863214,7.756396527806728,41.528141373879144,B
8.497094828203055,81.09310153271703,8.39276768226929,27.349071624115552,C
8.862964637488592,80.51676943950899,9.987599367824977,1.5580700042524986,D
3.805838053559745,81.1773184821373,6.44724041900303,20.66298260523869,D
10.680233485412346,56.753989610876204,3.4291284604140957,31.238781220203727,C
7.125966576341371,84.67702347933599,7.171005655116897,17.820685648046553,D
1.5123161009595183,83.73751781901117,3.8331690498751803,2.0144471496602256,F
1.7246239374664096,84.12940611084416,4.7133553048927705,15.744760866519158,F
8.317145123156418,53.70352763693532,5.3014593791401605,66.60995535675724,C
2.0753272373049367,72.34194212070763,8.117209112038875,62.95854164725958,C
6.08751241898452,70.45175660228648,4.286656867149504,93.56836393980424,B
11.901293711144529,54.33557418215996,4.160270627896468,79.81682913973093,B
0.04809125680007398,61.11839639484053,3.3147496974917923,56.77561168411912,D
0.19895762277068307,72.04813158990183,9.112679554477166,13.755634749321132,F
11.917014983166078,87.1453154929041,7.854537970492425,56.40718189251569,B
7.015666009609986,61.85310384923316,3.2796252593233852,6.159506091418077,F
1.5229197062221576,91.48749550624558,3.1980461394668023,43.088489741085276,D
10.767626397049124,77.28991428697317,6.910720075325393,39.025862894719545,B
10.564563601532306,88.02108425923088,4.977740809006978,42.78138093629417,B
6.434404957336502,73.62779916684286,7.177084453023501,27.982591839478722,C
7.461504358329078,74.95971127111116,6.0422292297667575,68.58304476238237,B
3.278246298010516,80.985969468982,9.463187936171781,84.09444672987794,C
0.6062363564640618,96.39853040829121,5.014663104729575,76.85169925989776,C
7.134811306690372,74.59062907064549,7.754017579072254,62.775209579088035,C
3.537062318433156,76.43287690541455,3.3783801813301944,53.834479933301324,D
7.963452559924223,80.09984817637647,9.691023739322478,3.108418000803037,D
10.034942122111215,86.87575686488628,9.865302275358465,72.29339986919211,A
0.2179265269723687,53.59251677431172,8.173522403114887,54.49829395784974,F
7.148565296228728,75.7843719260986,6.256487300945012,27.074105066388686,C
2.775366476242227,74.07957946030217,4.539954075290829,32.78420388534416,D
10.486661974845617,96.08424921187853,8.687614381735752,93.56067864697414,A
3.043974078741942,74.67532902181705,8.154478680029156,62.436224511722706,C
7.3292415988250195,73.41602673471655,4.553678276926643,47.59124346575283,C
6.642490081075337,98.1099994267351,6.1585070591008595,62.09217397084077,B
4.753998000710987,72.52882318004407,6.239592564717496,41.374232498565696,D
8.131449163197528,59.044221516104514,8.784873849808964,47.01822732030162,C
8.709235616585207,60.84580614028941,7.786912790338536,29.03092567076704,C
6.803253543832642,54.75937691684871,7.502172804780386,43.985330059164454,C
9.10106684621705,50.028406462947224,7.5487919579429485,68.55922324379105,B
11.801004911915252,71.59728305002409,4.8932905556773525,3.994192508646921,C
5.0312686548096615,88.46212906491107,5.601978818806738,79.50274072961548,B
6.17499662262637,86.6733221399918,3.3196359980569428,28.297954086131284,D
0.14963853529455884,51.60745439014251,8.508587950684866,68.25597934324998,D
9.55234267572454,78.49914517970164,6.030987506188697,64.272531468006,C
6.242760804551926,57.7141562706738,6.067668499613015,65.26280491413054,C
4.895537164326782,97.05381423823486,4.7174938545353875,60.81289162558029,C
1.1288635570727497,58.368249982208965,4.465990970216002,95.91018380695348,C
10.675877060104767,81.33196088487408,7.114753506983204,50.83441626953908,C
4.740086880486677,66.31191810820283,4.62787110642573,73.23191155153515,B
8.190979178510645,82.0780662982176,3.449461960958251,70.54493312345777,B
1.7924898764178092,70.61292982320376,8.372551911866289,23.626757727833038,D
11.53859555449239,87.98215261531973,5.635286040844561,28.33058391868256,B
2.141301141861971,61.53395626639289,5.661649087295132,42.40170981569678,D
2.3945039147938845,95.28959264571301,6.019227970610539,27.769793046320924,D
10.307794326692566,75.01048246566761,8.705313763856656,36.67430989299597,B
10.950992929703174,87.80465738564264,5.24585827157872,39.09606139283059,A
2.545768890279617,92.48650957006134,8.306253478804852,60.3864560938344,C
5.637610658097935,99.94143054774025,9.576813885456803,21.98900427350616,C
8.801938854753958,61.19728327969791,7.626077371473595,80.42918658766874,B
10.54038880572962,64.34462067817275,6.021767568239173,43.75363567715046,B
4.5486323404476625,62.52165433659441,8.234528062026653,70.62441116832468,C
6.204233842193151,63.14356660798913,6.205281588259698,8.144248124081788,D
8.900596926236819,79.12223707696887,5.900990897756985,46.99653941243669,C
8.773631719833546,99.67612615729215,6.6769821450087825,2.821953217732831,C
9.395521560313018,99.51390435463773,5.2240563436650564,67.59099918155648,B
6.839205823698316,76.33866156811538,3.729751513960008,34.37100769970696,D
1.2553811616573025,81.9513605132337,5.9039640386831564,94.92528141058287,C
10.84767949053648,92.99852718508029,3.8669981679051135,32.412421460141935,B
10.386870471852339,96.64667292267526,5.873090314888127,56.380589801772686,B
9.577169229819997,60.19303136647719,6.898536048494153,25.73875756946147,C
1.1983497259287539,76.42708644712265,9.514978268439528,62.01126289473403,D
2.4527684049771503,91.64185273307561,3.253556317317125,46.704235013323455,D
8.923204381291823,65.16010383172959,7.35020884551361,37.06282615056329,C
0.2776811349833572,71.99045212402334,6.204146306550541,20.368934908017987,F
11.750695604487355,99.28105507560039,3.141827897428974,11.152134397145531,C
4.525736164268169,99.25233483604356,4.7468372315710425,11.987913395667327,C
8.631750404289884,95.30534053825909,3.829396766483611,99.90400175055531,B
10.65085306185652,89.92241724140288,4.517559020120113,41.23107268572347,B
4.735558657800987,63.45652503614029,4.921991704226427,0.1929707873339459,F
3.8295898631959924,66.04250370335937,5.809144347675375,95.29287906260143,C
7.304893546778961,77.36414206024374,6.703275754422232,1.9979924229812651,D
6.9718724849766085,78.03886872810061,3.0069299574847026,41.85861255545337,C
4.909679731497565,75.27514096785335,4.133085524401185,71.7477585970656,B
7.2212970704125015,81.83351399581531,3.6549646992616047,91.45992443717617,B
11.224576434797937,70.41615113164944,6.847713794839207,71.2886291432101,B
5.611683079519158,87.45870786577665,5.303524092808889,46.36257549000118,D
2.360906169007576,66.67749632391777,6.838784152243027,97.44420389841034,B
4.526471794596047,66.53384984731763,4.552763115222745,3.9319383033270427,F
4.729283791117423,56.3612980945914,3.169605478613094,98.6892202538008,B
1.5733043163146383,59.435610501445964,9.589568308891728,84.93915517084389,C
1.9544580066546589,92.52604394606789,3.758156848322958,92.89300171263591,B
8.214744880724126,72.31411692902208,3.8880112357320176,25.477242409753664,C
4.073733050506832,61.393389327641685,4.025827785570984,14.245807228426976,F
11.458780702269692,87.96705500111938,9.868935667952908,66.33152793727001,A
2.923160944303289,77.69905629084298,7.323621681189973,51.585943798612,C
1.1870940612578678,51.05780057116468,7.272029661926954,52.316796074437946,D
9.042054756003095,65.81807286683576,9.906887410629707,92.46191784832176,A
10.572432623014441,58.85007055606705,3.6190713849225835,62.00809066532622,B
3.3373602824578543,82.79364304914202,9.821506247796023,31.10638351045899,D
2.4250572197457356,63.751552031512645,4.4280920258782865,40.0066556417876,F
2.229193618453046,53.24733896049718,7.3615005249342484,13.349583509185125,D
6.264147616398148,52.74674945988346,5.940584957119542,19.23140402756893,D
5.6209996949612515,79.08636489793574,5.687662694340247,14.33500702095385,D
3.1132780782544107,51.08617278520448,9.518703299356238,81.02913412113544,C
0.5420774038731166,92.43960565680445,4.044594099081795,70.48734679721188,C
5.777896083915369,57.76985596286378,9.979483077533704,53.03450176108518,C
11.511988171627301,80.3283167597715,5.653875427640839,37.436783362757076,B
7.830230409031959,72.23440140053728,7.541424327219881,66.84942903243505,B
5.946078679543421,72.14257606159512,9.775347120383522,81.2905347695761,B
1.3283048883553934,53.58985711800229,3.4032073526528235,88.1233215671709,D
3.0292354865950473,90.13761251061078,9.460050540476335,54.701622820633354,B
3.5372873948945127,94.65262423766262,6.974679697480402,81.98851218197008,B
9.177642631286812,50.550833369211425,7.930778152842166,51.130595341269505,C
10.520529567175432,58.930208784855886,4.044289287204439,47.45300891878909,C
10.819702242797261,95.19520943977395,6.7337120158172254,86.54318556221003,A
11.81482329900905,77.4746806400029,7.714596003076705,38.6373936264664,B
11.78840019725439,57.50197891241051,6.193731151713773,39.59126790407023,B
11.435989593215776,60.13952263045795,4.084896246742397,30.491134528491614,C
0.8618656860346126,82.99931221185571,4.708833525599037,51.870172829461666,D
1.6535224311336623,86.24084111234365,8.98074953695449,54.485003368946074,C
3.6535983177123947,79.97134042899677,3.2412969498293394,66.0461145310457,C
6.634779048773538,97.65741899562629,7.962034549085686,43.05023101095705,C
1.1637346644657516,74.70318018308885,9.99573025560169,21.783729188359935,D
10.14956349362571,65.01359560712633,3.0523809727473665,86.68420624138759,B
7.401074148927709,73.86164549878983,4.1273197797395795,34.60008672380144,D
6.508372827626459,67.98331468333055,7.719010106251941,92.29434198401746,C
1.9837358804074938,61.220794633734315,3.4199358420974377,20.735333302645575,F
3.0390656928023683,52.298162467007,7.1285298869910125,56.00574762362305,D
1.9237442997870966,67.61062467825622,7.788000724927393,53.661509352945224,D
10.223197893537584,85.57046738548712,7.117024436798491,82.86478479269952,B
7.010734320734619,50.92189014375969,5.55629292114747,13.885138675082976,F
8.8215531302356,71.95892566029673,7.880976071906472,90.99371729174614,B
3.5523943549203087,82.20047007249342,7.160060996096743,53.14281721720702,C
4.455031645059326,80.52020545871537,4.453460204657438,58.61093839143664,C
4.8582595731184055,88.83242179443579,6.941948805095768,51.016629329776706,C
9.120179660928418,90.52598578298988,9.173350519972493,3.602490683626647,C
9.268235852094817,85.5852910459694,7.66783299983315,49.70906618065981,C
2.4817623301683804,55.13988480723747,6.30254055175693,26.354966267699055,F
11.298466280857188,73.75112220021803,5.251088720086158,34.26881803778314,C
1.4478640493242367,80.17029787438042,3.60120346606301,64.910159918714,C
10.753464989083565,62.27830194047258,4.7123899293132006,49.769712947410596,B
1.2047477477977115,52.12759088233882,3.0783072716081383,9.321821266746044,F
3.174477733815733,61.179516043802344,9.906381422674752,7.304127476175893,F
10.157742432815484,72.74472008663194,4.557375764901179,18.565769561737035,C
2.1539048681530493,70.69651595273004,8.70413159879761,19.088514657222365,D
4.962815175719638,58.83334906635808,4.18051417263485,60.830075697136486,C
5.3983115993295145,91.22077713417464,4.985208047239017,17.78144640455428,C
2.9431076762785158,96.28433343683622,5.927941234598567,88.17194232747705,C
8.522942416031839,60.06741595263576,5.2708396489912355,20.976066061341314,D
10.216015792826447,96.47864577836108,8.588455689319026,9.113144542638263,B
10.494901678266862,50.89304795875904,9.703853856107962,87.57460163596468,B
4.071865748838731,96.24812363534727,9.12706138555594,29.5327576076733,C
6.370204731453773,97.59643950404539,4.075045068634296,42.54226298337358,C
2.980876846387818,50.60259315079626,8.436820734445032,95.90263840124423,C
2.937558018601745,88.15096483883741,4.0356283931329795,94.43692191577739,C
1.9350487542230894,98.51007862849217,9.39366774593471,71.49168892649178,B
11.280228129690176,95.29511094088892,6.625150029680049,6.893895173255471,C
10.65586594326696,98.53550805981065,5.354667616396947,59.33401254113975,B
9.328304559932306,77.51617528488197,4.099178481339349,98.90779350422578,B
6.211938255452749,53.907806994269414,3.0826636172530324,94.69162284239805,B
5.887294986142463,92.48945989025181,4.735628941626193,10.600249251994287,D
6.356947994189976,80.69141279045058,9.398140442969183,39.596730309036865,C
6.438816162925072,80.73683720941446,8.580835345905593,31.553674590283933,B
5.214757016372284,70.86268049293432,9.788555954255036,12.972810690490554,D
1.5810579947048096,78.59209882605546,3.7053306478496113,69.47983112487609,D
1.5079662344224318,57.67898895430572,7.1452512045396865,27.384836436023676,D
11.4269965901482,86.9885013283075,4.800053318215436,34.48658031252978,C
5.784369115036206,53.75086536757712,6.800591940406852,9.035887670141795,F
11.438466298862267,86.4890383521896,5.243184198944186,49.79675587786656,B
1.9629225325213198,92.4489211312427,4.984258851703503,15.816786365205648,D
6.652998624479203,73.6234338782244,7.016917114172182,43.20904235794891,C
2.492607040218471,75.49151830285247,4.283227133086783,14.33422221033015,D
3.0382152735192185,65.61071364610392,6.283934058804817,95.38498899501458,B
0.3606549451341454,98.47292918627937,7.555685855308243,14.49825331971426,F
1.4274397288825358,86.65622372797726,3.8972745122796284,52.188715385063325,D
11.00218089155035,68.44942766501725,9.514159896138327,19.69798253189875,C
3.8583958977879806,58.740369311650255,6.540072896178874,7.6361803472609235,F
7.297550542975099,60.97897961010457,8.736695803190395,20.230861884209816,D
5.580169583871276,73.1961143055025,7.577338014347443,5.477410739043609,D
4.80541494294334,97.1284200157169,7.970006588557819,13.939738312098882,D
6.3826330961528175,86.70731728804591,8.012916586949867,49.348415776321694,C
2.246867335384098,60.76218740895749,9.125699279430307,65.18155210575742,C
11.863246782234919,92.97805667094491,7.295238045328468,8.733981507178346,C
9.819694424446356,68.91002615048406,4.947520062049727,44.10186239042685,B
8.899375592778183,92.58610913762593,3.6965675000582,58.1247022853352,B
5.62511156416743,62.08497989905655,7.243754336150991,23.42256762110615,D
1.8345254655160317,80.93303059681588,3.4644696263940675,37.20784115160254,D
11.047990299282814,96.3335244040641,4.689054161826712,7.183486973360864,C
4.096644808580732,62.8947004573897,3.424950292213382,22.013108023309492,F
0.6012802763632052,84.64632952929276,6.842213123045969,46.675292591894,D
4.108844121727544,99.36563099785718,4.122366874600076,99.04421789253223,B
9.533484365950612,57.52991436215017,7.272851236034313,99.62650629391334,A
7.4725049398584975,54.42011453503372,8.536055916042873,97.9621681124288,B
9.010063016938316,83.70975962224081,8.753165045403037,42.30863863003276,C
9.523624606348529,66.98679738745152,5.166804556963392,8.068037841466502,D
2.543455332966511,53.56222386832955,6.842681728861472,32.35734372493335,D
11.085399793118162,73.76528089418021,6.941075320604513,23.77143753709773,C
5.255875235044471,87.68853398219778,6.310210275079166,1.4126574909854583,D
7.668163791169976,64.25612002075944,7.5857972399733535,9.52336102883754,C
0.027705271040904034,66.75234387525674,4.470609866764735,45.31919350490661,D
11.920421980934137,92.28497003234861,9.85470267710756,33.9662463804297,B
3.3707566315698614,76.0035956130744,3.686558789636527,18.035372163448304,F
